{"cameraMode":{"drawMode":0,"name":"Shaded","section":"Shading Mode"},"sceneLighting":true,"audioPlay":false,"sceneViewState":{"showFog":true,"showMaterialUpdate":false,"showSkybox":true,"showFlares":true,"showImageEffects":true,"showParticleSystems":true},"in2DMode":false,"pivot":{"x":59.49322509765625,"y":3.1197896003723146,"z":61.74072265625},"rotation":{"x":0.0875655859708786,"y":-0.8705137968063355,"z":0.16825035214424134,"w":0.4543522596359253},"size":20.456615447998048,"orthographic":false}